Piccadilly ,Eastbound,ACTON TOWN,HAMMERSMITH,4.42,5.65
Piccadilly ,Westbound,ACTON TOWN,SOUTH EALING,2.2,2.8
Piccadilly ,Westbound,ACTON TOWN,EALING COMMON,1.03,1.72
District,Westbound,ACTON TOWN,EALING COMMON,1.03,1.5
District,Eastbound,ACTON TOWN,CHISWICK PARK,1.22,1.8
Metropolitan,Westbound,ALDGATE,LIVERPOOL STREET,0.61,1.75
Circle ,Inner,ALDGATE,LIVERPOOL STREET,0.61,1.75
Circle ,Outer,ALDGATE,TOWER HILL,0.5,1.37
H & C,Eastbound,ALDGATE EAST,WHITECHAPEL,0.82,2.17
H & C,Westbound,ALDGATE EAST,LIVERPOOL STREET,0.92,2.12
District,Westbound,ALDGATE EAST,TOWER HILL,0.8,1.87
District,Eastbound,ALDGATE EAST,WHITECHAPEL,0.82,2.17
Piccadilly ,Eastbound,ALPERTON,PARK ROYAL,1.97,2.2
Piccadilly ,Westbound,ALPERTON,SUDBURY TOWN,1.57,2.03
Metropolitan,Eastbound,AMERSHAM,CHALFONT & LATIMER,3.27,3.65
Northern ,Southbound,ANGEL,OLD STREET,1.44,2.87
Northern ,Northbound,ANGEL,KINGS CROSS ST PANCRAS,1.38,2.15
Northern ,Southbound,ARCHWAY,TUFNELL PARK,0.88,1.6
Northern ,Northbound,ARCHWAY,HIGHGATE,1.7,2.75
Piccadilly ,Eastbound,ARNOS GROVE,SOUTHGATE,1.94,2.8
Piccadilly ,Westbound,ARNOS GROVE,BOUNDS GREEN,1.25,2.25
Piccadilly ,Eastbound,ARSENAL,FINSBURY PARK,0.69,1.38
Piccadilly ,Westbound,ARSENAL,HOLLOWAY ROAD,0.74,1.3
Bakerloo ,Southbound,BAKER STREET,REGENTS PARK,0.88,1.68
Bakerloo ,Northbound,BAKER STREET,MARYLEBONE,0.5,1.08
Jubilee ,Eastbound,BAKER STREET,BOND STREET,1.66,2.1
Jubilee ,Westbound,BAKER STREET,ST JOHNS WOOD,2.06,2.85
H & C,Eastbound,BAKER STREET,GREAT PORTLAND STREET,0.92,1.9
H & C,Westbound,BAKER STREET,EDGWARE ROAD,0.72,1.88
Circle ,Inner,BAKER STREET,EDGWARE ROAD,0.72,1.88
Circle ,Outer,BAKER STREET,GREAT PORTLAND STREET,0.92,1.9
Metropolitan,Westbound,BAKER STREET,FINCHLEY ROAD,3.38,5.55
Metropolitan,Eastbound,BAKER STREET,GREAT PORTLAND STREET,0.92,1.98
Northern ,Southbound,BALHAM,TOOTING BEC,0.98,1.67
Northern ,Northbound,BALHAM,CLAPHAM SOUTH,1.15,1.8
Central ,Eastbound,BANK,LIVERPOOL STREET,0.74,1.62
Central ,Westbound,BANK,ST PAULS,0.74,1.63
Waterloo & City,Westbound,BANK,WATERLOO,2.37,4.2
Northern ,Southbound,BANK,LONDON BRIDGE,0.69,1.55
Northern ,Northbound,BANK,MOORGATE,0.82,1.77
Metropolitan,Westbound,BARBICAN,FARRINGDON,0.51,1.2
Metropolitan,Eastbound,BARBICAN,MOORGATE,0.63,1.32
H & C,Eastbound,BARBICAN,MOORGATE,0.64,1.32
H & C,Westbound,BARBICAN,FARRINGDON,0.51,1.2
Circle ,Inner,BARBICAN,FARRINGDON,0.51,1.2
Circle ,Outer,BARBICAN,MOORGATE,0.64,1.32
H & C,Westbound,BARKING,EAST HAM,2.29,2.87
District,Westbound,BARKING,EAST HAM,2.29,2.87
District,Eastbound,BARKING,UPNEY,1.38,1.97
Central ,Eastbound,BARKINGSIDE,FAIRLOP,1.22,1.57
Central ,Westbound,BARKINGSIDE,NEWBURY PARK,1.11,1.58
Piccadilly ,Eastbound,BARONS COURT,EARLS COURT,1.62,2.55
Piccadilly ,Westbound,BARONS COURT,HAMMERSMITH,0.68,1.32
District,Westbound,BARONS COURT,HAMMERSMITH,0.68,1.33
District,Eastbound,BARONS COURT,WEST KENSINGTON,0.64,1.28
Circle ,Inner,BAYSWATER,NOTTING HILL GATE,0.79,1.47
Circle ,Outer,BAYSWATER,PADDINGTON,0.98,1.63
District,Westbound,BAYSWATER,NOTTING HILL GATE,0.79,1.47
District,Eastbound,BAYSWATER,PADDINGTON,0.98,1.63
District,Westbound,BECONTREE,UPNEY,1.87,2.33
District,Eastbound,BECONTREE,DAGENHAM HEATHWAY,1.37,1.88
Northern ,Southbound,BELSIZE PARK,CHALK FARM,1.1,1.77
Northern ,Northbound,BELSIZE PARK,HAMPSTEAD,1.2,2.02
Jubilee ,Eastbound,BERMONDSEY,CANADA WATER,1.06,1.48
Jubilee ,Westbound,BERMONDSEY,LONDON BRIDGE,1.93,2.17
Central ,Eastbound,BETHNAL GREEN,MILE END,1.64,1.98
Central ,Westbound,BETHNAL GREEN,LIVERPOOL STREET,2.27,2.77
Circle ,Inner,BLACKFRIARS,MANSION HOUSE,0.61,1.52
Circle ,Outer,BLACKFRIARS,TEMPLE,0.76,1.37
District,Westbound,BLACKFRIARS,TEMPLE,0.76,1.37
District,Eastbound,BLACKFRIARS,MANSION HOUSE,0.61,1.52
Victoria,Southbound,BLACKHORSE ROAD,TOTTENHAM HALE,1.37,1.9
Victoria,Northbound,BLACKHORSE ROAD,WALTHAMSTOW,1.45,2.12
Central ,Eastbound,BOND STREET,OXFORD CIRCUS,0.66,1.1
Central ,Westbound,BOND STREET,MARBLE ARCH,0.55,1.02
Jubilee ,Eastbound,BOND STREET,GREEN PARK,1.37,1.78
Jubilee ,Westbound,BOND STREET,BAKER STREET,1.66,2.28
Northern ,Southbound,BOROUGH,ELEPHANT & CASTLE,0.85,1.72
Northern ,Northbound,BOROUGH,LONDON BRIDGE,0.67,1.4
Piccadilly ,Eastbound,BOSTON MANOR,NORTHFIELDS,0.99,1.98
Piccadilly ,Westbound,BOSTON MANOR,OSTERLEY,2.42,2.85
Piccadilly ,Eastbound,BOUNDS GREEN,ARNOS GROVE,1.25,2.58
Piccadilly ,Westbound,BOUNDS GREEN,WOOD GREEN,1.52,2.2
H & C,Eastbound,BOW ROAD,BROMLEY BY BOW,1.01,2.12
H & C,Westbound,BOW ROAD,MILE END,0.55,1.27
District,Westbound,BOW ROAD,MILE END,0.55,1.27
District,Eastbound,BOW ROAD,BROMLEY BY BOW,1.01,2.12
Northern ,Southbound,BRENT CROSS,GOLDERS GREEN,1.55,2.57
Northern ,Northbound,BRENT CROSS,HENDON CENTRAL,1.1,1.83
Victoria,Northbound,BRIXTON,STOCKWELL,1.46,2.18
H & C,Eastbound,BROMLEY BY BOW,WEST HAM,1.37,2
H & C,Westbound,BROMLEY BY BOW,BOW ROAD,1.01,2.23
District,Westbound,BROMLEY BY BOW,BOW ROAD,1.01,2.23
District,Eastbound,BROMLEY BY BOW,WEST HAM,1.37,2
Central ,Eastbound,BUCKHURST HILL,LOUGHTON,1.83,2.35
Central ,Westbound,BUCKHURST HILL,WOODFORD,2.31,2.32
Northern ,Southbound,BURNT OAK,COLINDALE,1.31,1.98
Northern ,Northbound,BURNT OAK,EDGWARE,1.47,3.37
Piccadilly ,Eastbound,CALEDONIAN ROAD,HOLLOWAY ROAD,0.59,1.18
Piccadilly ,Westbound,CALEDONIAN ROAD,KINGS CROSS ST PANCRAS,1.96,2.78
Northern ,Southbound,CAMDEN TOWN,MORNINGTON CRESCENT,0.64,1.63
Northern ,Southbound,CAMDEN TOWN,EUSTON,1.71,2.95
Northern ,Northbound,CAMDEN TOWN,KENTISH TOWN,1.15,1.95
Northern ,Northbound,CAMDEN TOWN,CHALK FARM,0.85,1.55
Jubilee ,Eastbound,CANADA WATER,CANARY WHARF,2.41,2.5
Jubilee ,Westbound,CANADA WATER,BERMONDSEY,1.06,1.52
East London ,Northbound,CANADA WATER,ROTHERHITHE,0.32,0.85
East London ,Southbound,CANADA WATER,SURREY QUAYS,0.55,1.7
Jubilee ,Eastbound,CANARY WHARF,NORTH GREENWICH,1.71,2.23
Jubilee ,Westbound,CANARY WHARF,CANADA WATER,2.41,2.63
Jubilee ,Eastbound,CANNING TOWN,WEST HAM,1.58,2.15
Jubilee ,Westbound,CANNING TOWN,NORTH GREENWICH,1.71,2.17
Circle ,Inner,CANNON STREET,MONUMENT,0.34,0.97
Circle ,Outer,CANNON STREET,MANSION HOUSE,0.31,0.93
District,Westbound,CANNON STREET,MANSION HOUSE,0.31,0.93
District,Eastbound,CANNON STREET,MONUMENT,0.34,0.97
Jubilee ,Eastbound,CANONS PARK,QUEENSBURY,1.71,1.93
Jubilee ,Westbound,CANONS PARK,STANMORE,1.27,2.87
Metropolitan,Westbound,CHALFONT & LATIMER,CHESHAM,6.19,9.48
Metropolitan,Westbound,CHALFONT & LATIMER,AMERSHAM,3.27,4.07
Metropolitan,Eastbound,CHALFONT & LATIMER,CHORLEYWOOD,3.43,3.68
Northern ,Southbound,CHALK FARM,CAMDEN TOWN,0.85,1.53
Northern ,Northbound,CHALK FARM,BELSIZE PARK,1.1,1.9
Central ,Eastbound,CHANCERY LANE,ST PAULS,1.03,1.52
Central ,Westbound,CHANCERY LANE,HOLBORN,0.4,0.85
Bakerloo ,Southbound,CHARING CROSS,EMBANKMENT,0.37,0.95
Bakerloo ,Northbound,CHARING CROSS,PICCADILLY CIRCUS,0.55,1.6
Northern ,Southbound,CHARING CROSS,EMBANKMENT,0.27,0.8
Northern ,Northbound,CHARING CROSS,LEICESTER SQUARE,0.46,1.17
Metropolitan,Eastbound,CHESHAM,CHALFONT & LATIMER,6.19,9.63
Central ,Inner,CHIGWELL,RODING VALLEY,2.28,2.45
Central ,Outer,CHIGWELL,GRANGE HILL,1.32,1.73
District,Westbound,CHISWICK PARK,ACTON TOWN,1.22,1.83
District,Eastbound,CHISWICK PARK,TURNHAM GREEN,0.95,1.48
Metropolitan,Westbound,CHORLEYWOOD,CHALFONT & LATIMER,3.43,3.95
Metropolitan,Eastbound,CHORLEYWOOD,RICKMANSWORTH,3.38,4.07
Northern ,Southbound,CLAPHAM COMMON,CLAPHAM SOUTH,1.25,2
Northern ,Northbound,CLAPHAM COMMON,CLAPHAM NORTH,0.62,1.32
Northern ,Southbound,CLAPHAM NORTH,CLAPHAM COMMON,0.62,1.4
Northern ,Northbound,CLAPHAM NORTH,STOCKWELL,0.82,1.72
Northern ,Southbound,CLAPHAM SOUTH,BALHAM,1.15,1.88
Northern ,Northbound,CLAPHAM SOUTH,CLAPHAM COMMON,1.25,2.2
Piccadilly ,Westbound,COCKFOSTERS,OAKWOOD,1.27,2.27
Northern ,Southbound,COLINDALE,HENDON CENTRAL,2.1,2.83
Northern ,Northbound,COLINDALE,BURNT OAK,1.31,2.07
Northern ,Southbound,COLLIERS WOOD,SOUTH WIMBLEDON,1.14,1.88
Northern ,Northbound,COLLIERS WOOD,TOOTING BROADWAY,1.2,1.97
Piccadilly ,Eastbound,COVENT GARDEN,HOLBORN,0.59,1.4
Piccadilly ,Westbound,COVENT GARDEN,LEICESTER SQUARE,0.25,0.77
Metropolitan,Westbound,CROXLEY,WATFORD,1.9,3.6
Metropolitan,Eastbound,CROXLEY,MOOR PARK,2.94,4.42
District,Westbound,DAGENHAM EAST,DAGENHAM HEATHWAY,1.35,1.83
District,Eastbound,DAGENHAM EAST,ELM PARK,2.37,2.85
District,Westbound,DAGENHAM HEATHWAY,BECONTREE,1.37,1.88
District,Eastbound,DAGENHAM HEATHWAY,DAGENHAM EAST,1.35,1.85
Central ,Eastbound,DEBDEN,THEYDON BOIS,3.34,3
Central ,Westbound,DEBDEN,LOUGHTON,2.02,2.67
Jubilee ,Eastbound,DOLLIS HILL,WILLESDEN GREEN,1.21,1.8
Jubilee ,Westbound,DOLLIS HILL,NEASDEN,0.85,1.38
Central ,Eastbound,EALING BROADWAY,WEST ACTON,1.53,2.28
District,Eastbound,EALING BROADWAY,EALING COMMON,1.5,2.67
Piccadilly ,Eastbound,EALING COMMON,ACTON TOWN,1.03,1.83
Piccadilly ,Westbound,EALING COMMON,NORTH EALING,0.94,1.88
District,Westbound,EALING COMMON,EALING BROADWAY,1.5,3.5
District,Eastbound,EALING COMMON,ACTON TOWN,1.03,1.9
Piccadilly ,Eastbound,EARLS COURT,GLOUCESTER ROAD,0.78,1.37
Piccadilly ,Westbound,EARLS COURT,BARONS COURT,1.62,2.68
District,Westbound,EARLS COURT,KENSINGTON (OLYMPIA),1.54,3.08
District,Westbound,EARLS COURT,WEST BROMPTON,0.6,1.42
District,Westbound,EARLS COURT,WEST KENSINGTON,0.9,1.62
District,Eastbound,EARLS COURT,HIGH STREET KENSINGTON,1.26,3.05
District,Eastbound,EARLS COURT,GLOUCESTER ROAD,0.93,1.92
Central ,Eastbound,EAST ACTON,WHITE CITY,2.06,2.57
Central ,Westbound,EAST ACTON,NORTH ACTON,1.11,1.57
Northern ,Southbound,EAST FINCHLEY,HIGHGATE,1.63,3
Northern ,Northbound,EAST FINCHLEY,FINCHLEY CENTRAL,2.42,3.1
H & C,Eastbound,EAST HAM,BARKING,2.29,3.78
H & C,Westbound,EAST HAM,UPTON PARK,1.4,2
District,Westbound,EAST HAM,UPTON PARK,1.4,2
District,Eastbound,EAST HAM,BARKING,2.29,3.78
District,Westbound,EAST PUTNEY,SOUTHFIELDS,1.53,2.35
District,Eastbound,EAST PUTNEY,PUTNEY BRIDGE,1.11,1.85
Piccadilly ,Eastbound,EASTCOTE,RAYNERS LANE,1.72,2.23
Piccadilly ,Westbound,EASTCOTE,RUISLIP MANOR,1.14,1.73
Metropolitan,Westbound,EASTCOTE,RUISLIP MANOR,1.14,1.82
Metropolitan,Eastbound,EASTCOTE,RAYNERS LANE,1.72,2.33
Northern ,Southbound,EDGWARE,BURNT OAK,1.47,2.43
Bakerloo ,Southbound,EDGWARE ROAD,MARYLEBONE,0.45,1.12
Bakerloo ,Northbound,EDGWARE ROAD,PADDINGTON,0.72,1.62
H & C,Eastbound,EDGWARE ROAD,BAKER STREET,0.72,1.47
H & C,Westbound,EDGWARE ROAD,PADDINGTON,0.93,2.08
Circle ,Inner,EDGWARE ROAD,PADDINGTON,0.82,1.85
Circle ,Outer,EDGWARE ROAD,BAKER STREET,0.72,1.47
District,Westbound,EDGWARE ROAD,PADDINGTON,0.82,1.85
Bakerloo ,Northbound,ELEPHANT & CASTLE,LAMBETH NORTH,0.82,2.13
Northern ,Southbound,ELEPHANT & CASTLE,KENNINGTON,0.9,2.03
Northern ,Northbound,ELEPHANT & CASTLE,BOROUGH,0.85,1.75
District,Westbound,ELM PARK,DAGENHAM EAST,2.37,2.77
District,Eastbound,ELM PARK,HORNCHURCH,1.5,2.05
Bakerloo ,Southbound,EMBANKMENT,WATERLOO,0.71,1.43
Bakerloo ,Northbound,EMBANKMENT,CHARING CROSS,0.37,0.97
Northern ,Southbound,EMBANKMENT,WATERLOO,0.7,1.37
Northern ,Northbound,EMBANKMENT,CHARING CROSS,0.27,0.87
Circle ,Inner,EMBANKMENT,TEMPLE,0.71,1.37
Circle ,Outer,EMBANKMENT,WESTMINSTER,0.69,1.4
District,Westbound,EMBANKMENT,WESTMINSTER,0.69,1.4
District,Eastbound,EMBANKMENT,TEMPLE,0.71,1.37
Central ,Westbound,EPPING,THEYDON BOIS,2.54,2.37
Victoria,Southbound,EUSTON,WARREN STREET,0.76,1.3
Victoria,Northbound,EUSTON,KINGS CROSS ST PANCRAS,0.74,1.35
Northern ,Southbound,EUSTON,KINGS CROSS ST PANCRAS,0.61,1.53
Northern ,Northbound,EUSTON,CAMDEN TOWN,1.71,3.88
Northern ,Southbound,EUSTON,WARREN STREET,0.58,1.18
Northern ,Northbound,EUSTON,MORNINGTON CRESCENT,0.82,1.53
Metropolitan,Westbound,EUSTON SQUARE,GREAT PORTLAND STREET,0.61,1.3
Metropolitan,Eastbound,EUSTON SQUARE,KINGS CROSS ST PANCRAS,0.85,1.75
H & C,Eastbound,EUSTON SQUARE,KINGS CROSS ST PANCRAS,0.85,1.75
H & C,Westbound,EUSTON SQUARE,GREAT PORTLAND STREET,0.61,1.3
Circle ,Inner,EUSTON SQUARE,GREAT PORTLAND STREET,0.61,1.3
Circle ,Outer,EUSTON SQUARE,KINGS CROSS ST PANCRAS,0.85,1.75
Central ,Eastbound,FAIRLOP,HAINAULT,0.75,2.93
Central ,Westbound,FAIRLOP,BARKINGSIDE,1.22,1.57
Metropolitan,Westbound,FARRINGDON,KINGS CROSS ST PANCRAS,1.85,3.12
Metropolitan,Eastbound,FARRINGDON,BARBICAN,0.51,1.22
H & C,Eastbound,FARRINGDON,BARBICAN,0.51,1.22
H & C,Westbound,FARRINGDON,KINGS CROSS ST PANCRAS,1.85,3.12
Circle ,Inner,FARRINGDON,KINGS CROSS ST PANCRAS,1.85,3.12
Circle ,Outer,FARRINGDON,BARBICAN,0.51,1.22
Northern ,Southbound,FINCHLEY CENTRAL,EAST FINCHLEY,2.42,3.37
Northern ,Northbound,FINCHLEY CENTRAL,MILL HILL EAST,1.52,2.98
Northern ,Northbound,FINCHLEY CENTRAL,WEST FINCHLEY,1.14,2.1
Jubilee ,Eastbound,FINCHLEY ROAD,SWISS COTTAGE,0.61,1.18
Jubilee ,Westbound,FINCHLEY ROAD,WEST HAMPSTEAD,0.61,1.2
Metropolitan,Westbound,FINCHLEY ROAD,WEMBLEY PARK,7.24,7.05
Metropolitan,Westbound,FINCHLEY ROAD,HARROW-ON-THE-HILL,11.63,11.02
Metropolitan,Eastbound,FINCHLEY ROAD,BAKER STREET,3.38,6.13
Victoria,Southbound,FINSBURY PARK,HIGHBURY,1.93,2.9
Victoria,Northbound,FINSBURY PARK,SEVEN SISTERS,3.15,4.25
Piccadilly ,Eastbound,FINSBURY PARK,MANOR HOUSE,1.04,1.55
Piccadilly ,Westbound,FINSBURY PARK,ARSENAL,0.69,1.35
District,Westbound,FULHAM BROADWAY,PARSONS GREEN,0.79,1.5
District,Eastbound,FULHAM BROADWAY,WEST BROMPTON,0.84,1.57
Central ,Eastbound,GANTS HILL,NEWBURY PARK,2.36,2.68
Central ,Westbound,GANTS HILL,REDBRIDGE,1.27,1.7
Piccadilly ,Eastbound,GLOUCESTER ROAD,SOUTH KENSINGTON,0.7,1.28
Piccadilly ,Westbound,GLOUCESTER ROAD,EARLS COURT,0.78,1.37
Circle ,Inner,GLOUCESTER ROAD,SOUTH KENSINGTON,0.74,1.43
Circle ,Outer,GLOUCESTER ROAD,HIGH STREET KENSINGTON,0.93,2.23
District,Westbound,GLOUCESTER ROAD,EARLS COURT,0.93,1.82
District,Eastbound,GLOUCESTER ROAD,SOUTH KENSINGTON,0.74,1.43
Northern ,Southbound,GOLDERS GREEN,HAMPSTEAD,2.34,3.42
Northern ,Northbound,GOLDERS GREEN,BRENT CROSS,1.55,2.22
H & C,Eastbound,GOLDHAWK ROAD,SHEPHERDS BUSH,0.51,1.15
H & C,Westbound,GOLDHAWK ROAD,HAMMERSMITH,0.82,2.43
Northern ,Southbound,GOODGE STREET,TOTTENHAM COURT ROAD,0.62,1.32
Northern ,Northbound,GOODGE STREET,WARREN STREET,0.46,1.07
Central ,Inner,GRANGE HILL,CHIGWELL,1.32,1.63
Central ,Outer,GRANGE HILL,HAINAULT,1.12,1.7
Metropolitan,Westbound,GREAT PORTLAND STREET,BAKER STREET,0.92,2.23
Metropolitan,Eastbound,GREAT PORTLAND STREET,EUSTON SQUARE,0.61,1.25
H & C,Eastbound,GREAT PORTLAND STREET,EUSTON SQUARE,0.61,1.25
H & C,Westbound,GREAT PORTLAND STREET,BAKER STREET,0.92,1.57
Circle ,Inner,GREAT PORTLAND STREET,BAKER STREET,0.92,1.57
Circle ,Outer,GREAT PORTLAND STREET,EUSTON SQUARE,0.61,1.25
Victoria,Southbound,GREEN PARK,VICTORIA,1.09,1.88
Victoria,Northbound,GREEN PARK,OXFORD CIRCUS,1.14,1.97
Jubilee ,Eastbound,GREEN PARK,WESTMINSTER,1.34,1.87
Jubilee ,Westbound,GREEN PARK,BOND STREET,1.37,1.82
Piccadilly ,Eastbound,GREEN PARK,PICCADILLY CIRCUS,0.56,1.1
Piccadilly ,Westbound,GREEN PARK,HYDE PARK CORNER,1.06,1.73
Central ,Eastbound,GREENFORD,PERIVALE,1.69,1.85
Central ,Westbound,GREENFORD,NORTHOLT,1.78,2.15
District,Westbound,GUNNERSBURY,KEW GARDENS,1.71,2.43
District,Eastbound,GUNNERSBURY,TURNHAM GREEN,1.59,2.6
Central ,Inner,HAINAULT,GRANGE HILL,1.12,1.73
Central ,Westbound,HAINAULT,FAIRLOP,0.75,1.82
Piccadilly ,Eastbound,HAMMERSMITH,BARONS COURT,0.68,1.38
Piccadilly ,Westbound,HAMMERSMITH,ACTON TOWN,4.42,4.7
District,Westbound,HAMMERSMITH,RAVENSCOURT PARK,0.93,1.63
District,Eastbound,HAMMERSMITH,BARONS COURT,0.68,1.43
H & C,Eastbound,HAMMERSMITH,GOLDHAWK ROAD,0.82,2.05
Northern ,Southbound,HAMPSTEAD,BELSIZE PARK,1.2,1.82
Northern ,Northbound,HAMPSTEAD,GOLDERS GREEN,2.34,3.95
Central ,Eastbound,HANGER LANE,NORTH ACTON,2.49,2.85
Central ,Westbound,HANGER LANE,PERIVALE,2.1,2.07
Bakerloo ,Southbound,HARLESDEN,WILLESDEN JUNCTION,1.05,1.65
Bakerloo ,Northbound,HARLESDEN,STONEBRIDGE PARK,1.53,2.02
Bakerloo ,Southbound,HARROW & WEALDSTONE,KENTON,1.74,2.23
Metropolitan,Westbound,HARROW-ON-THE-HILL,WEST HARROW,1.26,2.32
Metropolitan,Westbound,HARROW-ON-THE-HILL,NORTH HARROW,2,3.18
Metropolitan,Westbound,HARROW-ON-THE-HILL,MOOR PARK,9.39,9.03
Metropolitan,Eastbound,HARROW-ON-THE-HILL,FINCHLEY ROAD,11.63,10.15
Metropolitan,Eastbound,HARROW-ON-THE-HILL,NORTHWICK PARK,1.29,1.9
Piccadilly ,Eastbound,HATTON CROSS,HOUNSLOW WEST,2.91,3.25
Piccadilly ,Westbound,HATTON CROSS,HEATHROW TERMINAL FOUR,1.83,2.1
Piccadilly ,Eastbound,HEATHROW 123,HATTON CROSS,2.15,2.63
Piccadilly ,Westbound,HEATHROW TERMINAL FOUR,HEATHROW 123,4.31,4.63
Northern ,Southbound,HENDON CENTRAL,BRENT CROSS,1.1,1.73
Northern ,Northbound,HENDON CENTRAL,COLINDALE,2.1,2.67
Northern ,Southbound,HIGH BARNET,TOTTERIDGE & WHETSTONE,2.46,3.67
Circle ,Inner,HIGH STREET KENSINGTON,GLOUCESTER ROAD,0.93,1.8
Circle ,Outer,HIGH STREET KENSINGTON,NOTTING HILL GATE,0.93,1.68
District,Westbound,HIGH STREET KENSINGTON,EARLS COURT,1.26,2.72
District,Eastbound,HIGH STREET KENSINGTON,NOTTING HILL GATE,0.93,1.68
Victoria,Southbound,HIGHBURY,KINGS CROSS ST PANCRAS,2.45,2.77
Victoria,Northbound,HIGHBURY,FINSBURY PARK,1.93,2.4
Northern ,Southbound,HIGHGATE,ARCHWAY,1.7,2.8
Northern ,Northbound,HIGHGATE,EAST FINCHLEY,1.63,2.62
Piccadilly ,Eastbound,HILLINGDON,ICKENHAM,1.08,1.6
Piccadilly ,Westbound,HILLINGDON,UXBRIDGE,2.03,3.7
Metropolitan,Westbound,HILLINGDON,UXBRIDGE,2.03,4.08
Metropolitan,Eastbound,HILLINGDON,ICKENHAM,1.08,1.73
Central ,Eastbound,HOLBORN,CHANCERY LANE,0.4,0.87
Central ,Westbound,HOLBORN,TOTTENHAM COURT ROAD,0.88,1.38
Piccadilly ,Eastbound,HOLBORN,RUSSELL SQUARE,0.72,1.55
Piccadilly ,Westbound,HOLBORN,COVENT GARDEN,0.59,1.53
Central ,Eastbound,HOLLAND PARK,NOTTING HILL GATE,0.61,1.08
Central ,Westbound,HOLLAND PARK,SHEPHERDS BUSH,0.87,1.52
Piccadilly ,Eastbound,HOLLOWAY ROAD,ARSENAL,0.74,1.28
Piccadilly ,Westbound,HOLLOWAY ROAD,CALEDONIAN ROAD,0.59,1.2
District,Westbound,HORNCHURCH,ELM PARK,1.5,1.98
District,Eastbound,HORNCHURCH,UPMINSTER BRIDGE,1.26,1.77
Piccadilly ,Eastbound,HOUNSLOW CENTRAL,HOUNSLOW EAST,0.74,1.3
Piccadilly ,Westbound,HOUNSLOW CENTRAL,HOUNSLOW WEST,1.46,1.85
Piccadilly ,Eastbound,HOUNSLOW EAST,OSTERLEY,0.96,1.53
Piccadilly ,Westbound,HOUNSLOW EAST,HOUNSLOW CENTRAL,0.74,1.27
Piccadilly ,Eastbound,HOUNSLOW WEST,HOUNSLOW CENTRAL,1.46,1.98
Piccadilly ,Westbound,HOUNSLOW WEST,HATTON CROSS,2.91,3.3
Piccadilly ,Eastbound,HYDE PARK CORNER,GREEN PARK,1.06,1.73
Piccadilly ,Westbound,HYDE PARK CORNER,KNIGHTSBRIDGE,0.51,1.12
Piccadilly ,Eastbound,ICKENHAM,RUISLIP,1.85,2.3
Piccadilly ,Westbound,ICKENHAM,HILLINGDON,1.08,1.58
Metropolitan,Westbound,ICKENHAM,HILLINGDON,1.08,1.75
Metropolitan,Eastbound,ICKENHAM,RUISLIP,1.85,2.45
Northern ,Southbound,KENNINGTON,OVAL,0.82,1.58
Northern ,Northbound,KENNINGTON,ELEPHANT & CASTLE,0.9,1.8
Northern ,Northbound,KENNINGTON,WATERLOO,1.89,2.77
Bakerloo ,Southbound,KENSAL GREEN,QUEENS PARK,1.32,2.65
Bakerloo ,Northbound,KENSAL GREEN,WILLESDEN JUNCTION,1.5,2.53
District,Eastbound,KENSINGTON (OLYMPIA),EARLS COURT,1.54,2.73
Northern ,Southbound,KENTISH TOWN,CAMDEN TOWN,1.15,1.93
Northern ,Northbound,KENTISH TOWN,TUFNELL PARK,0.8,1.58
Bakerloo ,Southbound,KENTON,SOUTH KENTON,1.4,1.88
Bakerloo ,Northbound,KENTON,HARROW & WEALDSTONE,1.74,2.38
District,Westbound,KEW GARDENS,RICHMOND,2.14,4.1
District,Eastbound,KEW GARDENS,GUNNERSBURY,1.71,2.42
Jubilee ,Eastbound,KILBURN,WEST HAMPSTEAD,1.09,1.63
Jubilee ,Westbound,KILBURN,WILLESDEN GREEN,1.19,2.07
Bakerloo ,Southbound,KILBURN PARK,MAIDA VALE,0.88,1.48
Bakerloo ,Northbound,KILBURN PARK,QUEENS PARK,0.79,2.1
Victoria,Southbound,KINGS CROSS ST PANCRAS,EUSTON,0.74,1.32
Victoria,Northbound,KINGS CROSS ST PANCRAS,HIGHBURY,2.45,2.87
Northern ,Southbound,KINGS CROSS ST PANCRAS,ANGEL,1.38,2.18
Northern ,Northbound,KINGS CROSS ST PANCRAS,EUSTON,0.61,1.33
Piccadilly ,Eastbound,KINGS CROSS ST PANCRAS,CALEDONIAN ROAD,1.96,2.88
Piccadilly ,Westbound,KINGS CROSS ST PANCRAS,RUSSELL SQUARE,0.91,1.67
Metropolitan,Westbound,KINGS CROSS ST PANCRAS,EUSTON SQUARE,0.85,1.65
Metropolitan,Eastbound,KINGS CROSS ST PANCRAS,FARRINGDON,1.85,2.98
H & C,Eastbound,KINGS CROSS ST PANCRAS,FARRINGDON,1.85,2.98
H & C,Westbound,KINGS CROSS ST PANCRAS,EUSTON SQUARE,0.85,1.65
Circle ,Inner,KINGS CROSS ST PANCRAS,EUSTON SQUARE,0.85,1.65
Circle ,Outer,KINGS CROSS ST PANCRAS,FARRINGDON,1.85,2.98
Jubilee ,Eastbound,KINGSBURY,WEMBLEY PARK,2.85,3.47
Jubilee ,Westbound,KINGSBURY,QUEENSBURY,1.33,1.85
Piccadilly ,Eastbound,KNIGHTSBRIDGE,HYDE PARK CORNER,0.51,1.1
Piccadilly ,Westbound,KNIGHTSBRIDGE,SOUTH KENSINGTON,1.22,2.23
H & C,Eastbound,LADBROKE GROVE,WESTBOURNE PARK,0.79,1.48
H & C,Westbound,LADBROKE GROVE,LATIMER ROAD,0.66,1.28
Bakerloo ,Southbound,LAMBETH NORTH,ELEPHANT & CASTLE,0.82,2.57
Bakerloo ,Northbound,LAMBETH NORTH,WATERLOO,0.63,1.45
Central ,Eastbound,LANCASTER GATE,MARBLE ARCH,1.2,1.92
Central ,Westbound,LANCASTER GATE,QUEENSWAY,0.9,1.65
H & C,Eastbound,LATIMER ROAD,LADBROKE GROVE,0.66,1.37
H & C,Westbound,LATIMER ROAD,SHEPHERDS BUSH,1.01,1.7
Northern ,Southbound,LEICESTER SQUARE,CHARING CROSS,0.46,1.2
Northern ,Northbound,LEICESTER SQUARE,TOTTENHAM COURT ROAD,0.4,1.03
Piccadilly ,Eastbound,LEICESTER SQUARE,COVENT GARDEN,0.25,0.77
Piccadilly ,Westbound,LEICESTER SQUARE,PICCADILLY CIRCUS,0.49,1.07
Central ,Eastbound,LEYTON,LEYTONSTONE,1.62,2.02
Central ,Westbound,LEYTON,STRATFORD,2.09,2.43
Central ,Eastbound,LEYTONSTONE,WANSTEAD,1.72,2.15
Central ,Eastbound,LEYTONSTONE,SNARESBROOK,1.57,1.8
Central ,Westbound,LEYTONSTONE,LEYTON,1.62,2.02
Central ,Eastbound,LIVERPOOL STREET,BETHNAL GREEN,2.27,2.6
Central ,Westbound,LIVERPOOL STREET,BANK,0.74,1.65
Metropolitan,Westbound,LIVERPOOL STREET,MOORGATE,0.51,1.32
Metropolitan,Eastbound,LIVERPOOL STREET,ALDGATE,0.61,2.18
H & C,Eastbound,LIVERPOOL STREET,ALDGATE EAST,0.92,1.93
H & C,Westbound,LIVERPOOL STREET,MOORGATE,0.51,1.32
Circle ,Inner,LIVERPOOL STREET,MOORGATE,0.51,1.32
Circle ,Outer,LIVERPOOL STREET,ALDGATE,0.61,2.18
Jubilee ,Eastbound,LONDON BRIDGE,BERMONDSEY,1.93,2.25
Jubilee ,Westbound,LONDON BRIDGE,SOUTHWARK,1.26,1.77
Northern ,Southbound,LONDON BRIDGE,BOROUGH,0.67,1.45
Northern ,Northbound,LONDON BRIDGE,BANK,0.69,1.53
Central ,Eastbound,LOUGHTON,DEBDEN,2.02,2.13
Central ,Westbound,LOUGHTON,BUCKHURST HILL,1.83,2.07
Bakerloo ,Southbound,MAIDA VALE,WARWICK AVENUE,0.79,1.5
Bakerloo ,Northbound,MAIDA VALE,KILBURN PARK,0.88,1.48
Piccadilly ,Eastbound,MANOR HOUSE,TURNPIKE LANE,2.31,2.88
Piccadilly ,Westbound,MANOR HOUSE,FINSBURY PARK,1.04,1.67
Circle ,Inner,MANSION HOUSE,CANNON STREET,0.31,0.98
Circle ,Outer,MANSION HOUSE,BLACKFRIARS,0.61,1.22
District,Westbound,MANSION HOUSE,BLACKFRIARS,0.61,1.22
District,Eastbound,MANSION HOUSE,CANNON STREET,0.31,0.98
Central ,Eastbound,MARBLE ARCH,BOND STREET,0.55,1
Central ,Westbound,MARBLE ARCH,LANCASTER GATE,1.2,1.62
Bakerloo ,Southbound,MARYLEBONE,BAKER STREET,0.5,1.17
Bakerloo ,Northbound,MARYLEBONE,EDGWARE ROAD,0.45,1.08
Central ,Eastbound,MILE END,STRATFORD,2.83,3.18
Central ,Westbound,MILE END,BETHNAL GREEN,1.64,1.97
H & C,Eastbound,MILE END,BOW ROAD,0.55,1.27
H & C,Westbound,MILE END,STEPNEY GREEN,1.05,1.72
District,Westbound,MILE END,STEPNEY GREEN,1.05,1.72
District,Eastbound,MILE END,BOW ROAD,0.55,1.27
Northern ,Southbound,MILL HILL EAST,FINCHLEY CENTRAL,1.52,2.75
Circle ,Inner,MONUMENT,TOWER HILL,0.68,1.8
Circle ,Outer,MONUMENT,CANNON STREET,0.34,0.88
District,Westbound,MONUMENT,CANNON STREET,0.34,0.88
District,Eastbound,MONUMENT,TOWER HILL,0.68,1.8
Metropolitan,Westbound,MOOR PARK,CROXLEY,2.94,4.33
Metropolitan,Westbound,MOOR PARK,RICKMANSWORTH,3.49,4.13
Metropolitan,Eastbound,MOOR PARK,NORTHWOOD,2.22,2.87
Metropolitan,Eastbound,MOOR PARK,HARROW-ON-THE-HILL,9.39,9.62
Northern ,Southbound,MOORGATE,BANK,0.82,1.9
Northern ,Northbound,MOORGATE,OLD STREET,0.69,1.45
Metropolitan,Westbound,MOORGATE,BARBICAN,0.63,1.38
Metropolitan,Eastbound,MOORGATE,LIVERPOOL STREET,0.51,1.18
H & C,Eastbound,MOORGATE,LIVERPOOL STREET,0.51,1.18
H & C,Westbound,MOORGATE,BARBICAN,0.64,1.38
Circle ,Inner,MOORGATE,BARBICAN,0.64,1.38
Circle ,Outer,MOORGATE,LIVERPOOL STREET,0.51,1.18
Northern ,Northbound,MORDEN,SOUTH WIMBLEDON,1.46,2.35
Northern ,Southbound,MORNINGTON CRESCENT,EUSTON,0.82,1.52
Northern ,Northbound,MORNINGTON CRESCENT,CAMDEN TOWN,0.64,1.8
Jubilee ,Eastbound,NEASDEN,DOLLIS HILL,0.85,1.43
Jubilee ,Westbound,NEASDEN,WEMBLEY PARK,2.28,2.65
East London ,Northbound,NEW CROSS,SURREY QUAYS,2.27,3.62
East London ,Northbound,NEW CROSS GATE,SURREY QUAYS,2.04,2.8
Central ,Eastbound,NEWBURY PARK,BARKINGSIDE,1.11,1.55
Central ,Westbound,NEWBURY PARK,GANTS HILL,2.36,2.73
Central ,Eastbound,NORTH ACTON,EAST ACTON,1.11,1.5
Central ,Westbound,NORTH ACTON,WEST ACTON,1.77,2.52
Central ,Westbound,NORTH ACTON,HANGER LANE,2.49,2.87
Piccadilly ,Eastbound,NORTH EALING,EALING COMMON,0.94,1.65
Piccadilly ,Westbound,NORTH EALING,PARK ROYAL,1.06,1.67
Jubilee ,Eastbound,NORTH GREENWICH,CANNING TOWN,1.71,2.15
Jubilee ,Westbound,NORTH GREENWICH,CANARY WHARF,1.71,1.98
Metropolitan,Westbound,NORTH HARROW,PINNER,1.48,2
Metropolitan,Eastbound,NORTH HARROW,HARROW-ON-THE-HILL,2,3.08
Bakerloo ,Southbound,NORTH WEMBLEY,WEMBLEY CENTRAL,1.27,1.92
Bakerloo ,Northbound,NORTH WEMBLEY,SOUTH KENTON,0.9,1.58
Piccadilly ,Eastbound,NORTHFIELDS,SOUTH EALING,0.38,0.98
Piccadilly ,Westbound,NORTHFIELDS,BOSTON MANOR,0.99,1.55
Central ,Eastbound,NORTHOLT,GREENFORD,1.78,1.93
Central ,Westbound,NORTHOLT,SOUTH RUISLIP,2.28,2.25
Metropolitan,Westbound,NORTHWICK PARK,HARROW-ON-THE-HILL,1.29,2.32
Metropolitan,Eastbound,NORTHWICK PARK,PRESTON ROAD,1.64,2.05
Metropolitan,Westbound,NORTHWOOD,MOOR PARK,2.22,2.55
Metropolitan,Eastbound,NORTHWOOD,NORTHWOOD HILLS,1.61,2.2
Metropolitan,Westbound,NORTHWOOD HILLS,NORTHWOOD,1.61,2.23
Metropolitan,Eastbound,NORTHWOOD HILLS,PINNER,2.08,2.48
Central ,Eastbound,NOTTING HILL GATE,QUEENSWAY,0.69,1.17
Central ,Westbound,NOTTING HILL GATE,HOLLAND PARK,0.61,1.18
Circle ,Inner,NOTTING HILL GATE,HIGH STREET KENSINGTON,0.93,1.58
Circle ,Outer,NOTTING HILL GATE,BAYSWATER,0.79,1.77
District,Westbound,NOTTING HILL GATE,HIGH STREET KENSINGTON,0.93,1.58
District,Eastbound,NOTTING HILL GATE,BAYSWATER,0.79,1.77
Piccadilly ,Eastbound,OAKWOOD,COCKFOSTERS,1.27,2.83
Piccadilly ,Westbound,OAKWOOD,SOUTHGATE,1.86,2.37
Northern ,Southbound,OLD STREET,MOORGATE,0.69,1.37
Northern ,Northbound,OLD STREET,ANGEL,1.44,2.43
Piccadilly ,Eastbound,OSTERLEY,BOSTON MANOR,2.42,2.85
Piccadilly ,Westbound,OSTERLEY,HOUNSLOW EAST,0.96,1.52
Northern ,Southbound,OVAL,STOCKWELL,1.36,2.2
Northern ,Northbound,OVAL,KENNINGTON,0.82,1.7
Bakerloo ,Southbound,OXFORD CIRCUS,PICCADILLY CIRCUS,0.97,1.95
Bakerloo ,Northbound,OXFORD CIRCUS,REGENTS PARK,0.87,1.72
Central ,Eastbound,OXFORD CIRCUS,TOTTENHAM COURT ROAD,0.58,0.98
Central ,Westbound,OXFORD CIRCUS,BOND STREET,0.66,1.03
Victoria,Southbound,OXFORD CIRCUS,GREEN PARK,1.14,1.78
Victoria,Northbound,OXFORD CIRCUS,WARREN STREET,0.9,1.53
Bakerloo ,Southbound,PADDINGTON,EDGWARE ROAD,0.72,1.57
Bakerloo ,Northbound,PADDINGTON,WARWICK AVENUE,0.88,1.63
Circle ,Inner,PADDINGTON,BAYSWATER,0.98,1.65
Circle ,Outer,PADDINGTON,EDGWARE ROAD,0.82,2.15
District,Westbound,PADDINGTON,BAYSWATER,0.98,1.65
District,Eastbound,PADDINGTON,EDGWARE ROAD,0.82,2.15
H & C,Eastbound,PADDINGTON,EDGWARE ROAD,0.93,2.33
H & C,Westbound,PADDINGTON,ROYAL OAK,0.64,1.33
Piccadilly ,Eastbound,PARK ROYAL,NORTH EALING,1.06,1.52
Piccadilly ,Westbound,PARK ROYAL,ALPERTON,1.97,2.37
District,Westbound,PARSONS GREEN,PUTNEY BRIDGE,0.95,2.32
District,Eastbound,PARSONS GREEN,FULHAM BROADWAY,0.79,1.48
Central ,Eastbound,PERIVALE,HANGER LANE,2.1,2.1
Central ,Westbound,PERIVALE,GREENFORD,1.69,2
Bakerloo ,Southbound,PICCADILLY CIRCUS,CHARING CROSS,0.55,1.35
Bakerloo ,Northbound,PICCADILLY CIRCUS,OXFORD CIRCUS,0.97,2.02
Piccadilly ,Eastbound,PICCADILLY CIRCUS,LEICESTER SQUARE,0.49,1.17
Piccadilly ,Westbound,PICCADILLY CIRCUS,GREEN PARK,0.56,1.18
Victoria,Southbound,PIMLICO,VAUXHALL,0.8,1.4
Victoria,Northbound,PIMLICO,VICTORIA,1.19,2.18
Metropolitan,Westbound,PINNER,NORTHWOOD HILLS,2.08,2.6
Metropolitan,Eastbound,PINNER,NORTH HARROW,1.48,2.08
H & C,Eastbound,PLAISTOW,UPTON PARK,1.29,1.97
H & C,Westbound,PLAISTOW,WEST HAM,0.76,1.5
District,Westbound,PLAISTOW,WEST HAM,0.76,1.5
District,Eastbound,PLAISTOW,UPTON PARK,1.29,1.97
Metropolitan,Westbound,PRESTON ROAD,NORTHWICK PARK,1.64,2.3
Metropolitan,Eastbound,PRESTON ROAD,WEMBLEY PARK,1.46,1.98
District,Westbound,PUTNEY BRIDGE,EAST PUTNEY,1.11,2.18
District,Eastbound,PUTNEY BRIDGE,PARSONS GREEN,0.95,1.92
Bakerloo ,Southbound,QUEENS PARK,KILBURN PARK,0.79,1.42
Bakerloo ,Northbound,QUEENS PARK,KENSAL GREEN,1.32,2.83
Jubilee ,Eastbound,QUEENSBURY,KINGSBURY,1.33,1.72
Jubilee ,Westbound,QUEENSBURY,CANONS PARK,1.71,2.23
Central ,Eastbound,QUEENSWAY,LANCASTER GATE,0.9,1.35
Central ,Westbound,QUEENSWAY,NOTTING HILL GATE,0.69,1.18
District,Westbound,RAVENSCOURT PARK,STAMFORD BROOK,0.77,1.37
District,Eastbound,RAVENSCOURT PARK,HAMMERSMITH,0.93,1.85
Piccadilly ,Eastbound,RAYNERS LANE,SOUTH HARROW,1.89,2.58
Piccadilly ,Westbound,RAYNERS LANE,EASTCOTE,1.72,2.2
Metropolitan,Westbound,RAYNERS LANE,EASTCOTE,1.72,2.23
Metropolitan,Eastbound,RAYNERS LANE,WEST HARROW,1.38,2.08
Central ,Eastbound,REDBRIDGE,GANTS HILL,1.27,1.65
Central ,Westbound,REDBRIDGE,WANSTEAD,1.22,1.58
Bakerloo ,Southbound,REGENTS PARK,OXFORD CIRCUS,0.87,1.85
Bakerloo ,Northbound,REGENTS PARK,BAKER STREET,0.88,1.65
District,Eastbound,RICHMOND,KEW GARDENS,2.14,3.1
Metropolitan,Westbound,RICKMANSWORTH,CHORLEYWOOD,3.38,4.03
Metropolitan,Eastbound,RICKMANSWORTH,MOOR PARK,3.49,3.78
Central ,Inner,RODING VALLEY,WOODFORD,1.33,2.03
Central ,Outer,RODING VALLEY,CHIGWELL,2.28,2.13
East London ,Northbound,ROTHERHITHE,WAPPING,0.51,1.17
East London ,Southbound,ROTHERHITHE,CANADA WATER,0.32,0.93
H & C,Eastbound,ROYAL OAK,PADDINGTON,0.64,1.52
H & C,Westbound,ROYAL OAK,WESTBOURNE PARK,0.98,1.72
Piccadilly ,Eastbound,RUISLIP,RUISLIP MANOR,0.72,1.3
Piccadilly ,Westbound,RUISLIP,ICKENHAM,1.85,2.23
Metropolitan,Westbound,RUISLIP,ICKENHAM,1.85,2.57
Metropolitan,Eastbound,RUISLIP,RUISLIP MANOR,0.72,1.45
Central ,Eastbound,RUISLIP GARDENS,SOUTH RUISLIP,0.86,1.3
Central ,Westbound,RUISLIP GARDENS,WEST RUISLIP,2.04,2.68
Piccadilly ,Eastbound,RUISLIP MANOR,EASTCOTE,1.14,1.67
Piccadilly ,Westbound,RUISLIP MANOR,RUISLIP,0.72,1.27
Metropolitan,Westbound,RUISLIP MANOR,RUISLIP,0.72,1.35
Metropolitan,Eastbound,RUISLIP MANOR,EASTCOTE,1.14,1.82
Piccadilly ,Eastbound,RUSSELL SQUARE,KINGS CROSS ST PANCRAS,0.91,1.9
Piccadilly ,Westbound,RUSSELL SQUARE,HOLBORN,0.72,1.37
Victoria,Southbound,SEVEN SISTERS,FINSBURY PARK,3.15,3.77
Victoria,Northbound,SEVEN SISTERS,TOTTENHAM HALE,1.05,1.6
East London ,Northbound,SHADWELL,WHITECHAPEL,0.98,1.98
East London ,Southbound,SHADWELL,WAPPING,0.77,1.3
Central ,Eastbound,SHEPHERDS BUSH,HOLLAND PARK,0.87,1.37
Central ,Westbound,SHEPHERDS BUSH,WHITE CITY,1.16,2.77
H & C,Eastbound,SHEPHERDS BUSH,LATIMER ROAD,1.01,1.63
H & C,Westbound,SHEPHERDS BUSH,GOLDHAWK ROAD,0.51,1.15
East London ,Southbound,SHOREDITCH,WHITECHAPEL,0.72,1.6
Circle ,Inner,SLOANE SQUARE,VICTORIA,1.05,1.8
Circle ,Outer,SLOANE SQUARE,SOUTH KENSINGTON,1.22,2
District,Westbound,SLOANE SQUARE,SOUTH KENSINGTON,1.22,2
District,Eastbound,SLOANE SQUARE,VICTORIA,1.05,1.8
Central ,Eastbound,SNARESBROOK,SOUTH WOODFORD,1.29,1.62
Central ,Westbound,SNARESBROOK,LEYTONSTONE,1.57,2.05
Piccadilly ,Eastbound,SOUTH EALING,ACTON TOWN,2.2,2.93
Piccadilly ,Westbound,SOUTH EALING,NORTHFIELDS,0.38,0.95
Piccadilly ,Eastbound,SOUTH HARROW,SUDBURY HILL,1.36,1.85
Piccadilly ,Westbound,SOUTH HARROW,RAYNERS LANE,1.89,2.4
Piccadilly ,Eastbound,SOUTH KENSINGTON,KNIGHTSBRIDGE,1.22,2.48
Piccadilly ,Westbound,SOUTH KENSINGTON,GLOUCESTER ROAD,0.7,1.37
Circle ,Inner,SOUTH KENSINGTON,SLOANE SQUARE,1.22,1.98
Circle ,Outer,SOUTH KENSINGTON,GLOUCESTER ROAD,0.74,1.48
District,Westbound,SOUTH KENSINGTON,GLOUCESTER ROAD,0.74,1.48
District,Eastbound,SOUTH KENSINGTON,SLOANE SQUARE,1.22,1.98
Bakerloo ,Southbound,SOUTH KENTON,NORTH WEMBLEY,0.9,1.5
Bakerloo ,Northbound,SOUTH KENTON,KENTON,1.4,2
Central ,Eastbound,SOUTH RUISLIP,NORTHOLT,2.28,2.23
Central ,Westbound,SOUTH RUISLIP,RUISLIP GARDENS,0.86,1.37
Northern ,Southbound,SOUTH WIMBLEDON,MORDEN,1.46,2.95
Northern ,Northbound,SOUTH WIMBLEDON,COLLIERS WOOD,1.14,1.85
Central ,Eastbound,SOUTH WOODFORD,WOODFORD,1.8,1.9
Central ,Westbound,SOUTH WOODFORD,SNARESBROOK,1.29,1.6
District,Westbound,SOUTHFIELDS,WIMBLEDON PARK,1.45,2.05
District,Eastbound,SOUTHFIELDS,EAST PUTNEY,1.53,2.37
Piccadilly ,Eastbound,SOUTHGATE,OAKWOOD,1.86,2.48
Piccadilly ,Westbound,SOUTHGATE,ARNOS GROVE,1.94,3.28
Jubilee ,Eastbound,SOUTHWARK,LONDON BRIDGE,1.26,1.65
Jubilee ,Westbound,SOUTHWARK,WATERLOO,0.44,0.97
Circle ,Inner,ST JAMES PARK,WESTMINSTER,0.76,1.5
Circle ,Outer,ST JAMES PARK,VICTORIA,0.72,1.33
District,Westbound,ST JAMES PARK,VICTORIA,0.72,1.33
District,Eastbound,ST JAMES PARK,WESTMINSTER,0.76,1.5
Jubilee ,Eastbound,ST JOHNS WOOD,BAKER STREET,2.06,2.77
Jubilee ,Westbound,ST JOHNS WOOD,SWISS COTTAGE,0.92,1.52
Central ,Eastbound,ST PAULS,BANK,0.74,1.62
Central ,Westbound,ST PAULS,CHANCERY LANE,1.03,1.52
District,Westbound,STAMFORD BROOK,TURNHAM GREEN,0.55,1.17
District,Eastbound,STAMFORD BROOK,RAVENSCOURT PARK,0.77,1.4
Jubilee ,Eastbound,STANMORE,CANONS PARK,1.27,1.95
H & C,Eastbound,STEPNEY GREEN,MILE END,1.05,1.73
H & C,Westbound,STEPNEY GREEN,WHITECHAPEL,1,2.63
District,Westbound,STEPNEY GREEN,WHITECHAPEL,1,2.63
District,Eastbound,STEPNEY GREEN,MILE END,1.05,1.73
Victoria,Southbound,STOCKWELL,BRIXTON,1.46,2.03
Victoria,Northbound,STOCKWELL,VAUXHALL,1.77,2.23
Northern ,Southbound,STOCKWELL,CLAPHAM NORTH,0.82,1.55
Northern ,Northbound,STOCKWELL,OVAL,1.36,2.03
Bakerloo ,Southbound,STONEBRIDGE PARK,HARLESDEN,1.53,2.13
Bakerloo ,Northbound,STONEBRIDGE PARK,WEMBLEY CENTRAL,1.71,2.42
Central ,Eastbound,STRATFORD,LEYTON,2.09,2.4
Central ,Westbound,STRATFORD,MILE END,2.83,3.03
Jubilee ,Westbound,STRATFORD,WEST HAM,1.54,2.42
Piccadilly ,Eastbound,SUDBURY HILL,SUDBURY TOWN,1.65,2.03
Piccadilly ,Westbound,SUDBURY HILL,SOUTH HARROW,1.36,2.05
Piccadilly ,Eastbound,SUDBURY TOWN,ALPERTON,1.57,1.95
Piccadilly ,Westbound,SUDBURY TOWN,SUDBURY HILL,1.65,2.25
East London ,Northbound,SURREY QUAYS,CANADA WATER,0.55,1.47
East London ,Southbound,SURREY QUAYS,NEW CROSS,2.27,4.27
East London ,Southbound,SURREY QUAYS,NEW CROSS GATE,2.04,3.88
Jubilee ,Eastbound,SWISS COTTAGE,ST JOHNS WOOD,0.92,1.52
Jubilee ,Westbound,SWISS COTTAGE,FINCHLEY ROAD,0.61,1.18
Circle ,Inner,TEMPLE,BLACKFRIARS,0.76,1.4
Circle ,Outer,TEMPLE,EMBANKMENT,0.71,1.43
District,Westbound,TEMPLE,EMBANKMENT,0.71,1.43
District,Eastbound,TEMPLE,BLACKFRIARS,0.76,1.4
Central ,Eastbound,THEYDON BOIS,EPPING,2.54,2.6
Central ,Westbound,THEYDON BOIS,DEBDEN,3.34,2.88
Northern ,Southbound,TOOTING BEC,TOOTING BROADWAY,1.1,1.77
Northern ,Northbound,TOOTING BEC,BALHAM,0.98,1.65
Northern ,Southbound,TOOTING BROADWAY,COLLIERS WOOD,1.2,1.98
Northern ,Northbound,TOOTING BROADWAY,TOOTING BEC,1.1,1.88
Central ,Eastbound,TOTTENHAM COURT ROAD,HOLBORN,0.88,1.63
Central ,Westbound,TOTTENHAM COURT ROAD,OXFORD CIRCUS,0.58,1.02
Northern ,Southbound,TOTTENHAM COURT ROAD,LEICESTER SQUARE,0.4,0.98
Northern ,Northbound,TOTTENHAM COURT ROAD,GOODGE STREET,0.62,1.28
Victoria,Southbound,TOTTENHAM HALE,SEVEN SISTERS,1.05,2
Victoria,Northbound,TOTTENHAM HALE,BLACKHORSE ROAD,1.37,1.97
Northern ,Southbound,TOTTERIDGE & WHETSTONE,WOODSIDE PARK,1.5,2.23
Northern ,Northbound,TOTTERIDGE & WHETSTONE,HIGH BARNET,2.46,4.62
Circle ,Inner,TOWER HILL,ALDGATE,0.5,1.3
Circle ,Outer,TOWER HILL,MONUMENT,0.68,1.48
District,Westbound,TOWER HILL,MONUMENT,0.68,1.48
District,Eastbound,TOWER HILL,ALDGATE EAST,0.8,1.88
Northern ,Southbound,TUFNELL PARK,KENTISH TOWN,0.8,1.42
Northern ,Northbound,TUFNELL PARK,ARCHWAY,0.88,1.68
District,Westbound,TURNHAM GREEN,CHISWICK PARK,0.95,1.58
District,Westbound,TURNHAM GREEN,GUNNERSBURY,1.59,2.28
District,Eastbound,TURNHAM GREEN,STAMFORD BROOK,0.55,1.15
Piccadilly ,Eastbound,TURNPIKE LANE,WOOD GREEN,0.98,1.57
Piccadilly ,Westbound,TURNPIKE LANE,MANOR HOUSE,2.31,2.87
District,Westbound,UPMINSTER,UPMINSTER BRIDGE,1.24,2.08
District,Westbound,UPMINSTER BRIDGE,HORNCHURCH,1.26,1.78
District,Eastbound,UPMINSTER BRIDGE,UPMINSTER,1.24,2.32
District,Westbound,UPNEY,BARKING,1.38,1.92
District,Eastbound,UPNEY,BECONTREE,1.87,2.33
H & C,Eastbound,UPTON PARK,EAST HAM,1.4,2.02
H & C,Westbound,UPTON PARK,PLAISTOW,1.29,1.93
District,Westbound,UPTON PARK,PLAISTOW,1.29,1.93
District,Eastbound,UPTON PARK,EAST HAM,1.4,2.02
Piccadilly ,Eastbound,UXBRIDGE,HILLINGDON,2.03,3
Metropolitan,Eastbound,UXBRIDGE,HILLINGDON,2.03,3
Victoria,Southbound,VAUXHALL,STOCKWELL,1.77,2.3
Victoria,Northbound,VAUXHALL,PIMLICO,0.8,1.37
Victoria,Southbound,VICTORIA,PIMLICO,1.19,1.83
Victoria,Northbound,VICTORIA,GREEN PARK,1.09,1.95
Circle ,Inner,VICTORIA,ST JAMES PARK,0.72,1.42
Circle ,Outer,VICTORIA,SLOANE SQUARE,1.05,1.75
District,Westbound,VICTORIA,SLOANE SQUARE,1.05,1.75
District,Eastbound,VICTORIA,ST JAMES PARK,0.72,1.42
Victoria,Southbound,WALTHAMSTOW,BLACKHORSE ROAD,1.45,2.12
Central ,Eastbound,WANSTEAD,REDBRIDGE,1.22,1.62
Central ,Westbound,WANSTEAD,LEYTONSTONE,1.72,2.17
East London ,Northbound,WAPPING,SHADWELL,0.77,1.43
East London ,Southbound,WAPPING,ROTHERHITHE,0.51,1.17
Victoria,Southbound,WARREN STREET,OXFORD CIRCUS,0.9,1.72
Victoria,Northbound,WARREN STREET,EUSTON,0.76,1.32
Northern ,Southbound,WARREN STREET,GOODGE STREET,0.46,1.07
Northern ,Northbound,WARREN STREET,EUSTON,0.58,1.18
Bakerloo ,Southbound,WARWICK AVENUE,PADDINGTON,0.88,1.58
Bakerloo ,Northbound,WARWICK AVENUE,MAIDA VALE,0.79,1.5
Bakerloo ,Southbound,WATERLOO,LAMBETH NORTH,0.63,1.45
Bakerloo ,Northbound,WATERLOO,EMBANKMENT,0.71,1.22
Waterloo & City,Eastbound,WATERLOO,BANK,2.37,4.87
Jubilee ,Eastbound,WATERLOO,SOUTHWARK,0.44,1.02
Jubilee ,Westbound,WATERLOO,WESTMINSTER,0.96,1.43
Northern ,Southbound,WATERLOO,KENNINGTON,1.89,2.97
Northern ,Northbound,WATERLOO,EMBANKMENT,0.7,1.4
Metropolitan,Eastbound,WATFORD,CROXLEY,1.9,3.22
Bakerloo ,Southbound,WEMBLEY CENTRAL,STONEBRIDGE PARK,1.71,2.23
Bakerloo ,Northbound,WEMBLEY CENTRAL,NORTH WEMBLEY,1.27,1.95
Jubilee ,Eastbound,WEMBLEY PARK,NEASDEN,2.28,2.6
Jubilee ,Westbound,WEMBLEY PARK,KINGSBURY,2.85,3.47
Metropolitan,Westbound,WEMBLEY PARK,PRESTON ROAD,1.46,2.12
Metropolitan,Eastbound,WEMBLEY PARK,FINCHLEY ROAD,7.24,7
Central ,Eastbound,WEST ACTON,NORTH ACTON,1.77,2.3
Central ,Westbound,WEST ACTON,EALING BROADWAY,1.53,3.07
District,Westbound,WEST BROMPTON,FULHAM BROADWAY,0.84,1.55
District,Eastbound,WEST BROMPTON,EARLS COURT,0.6,1.42
Northern ,Southbound,WEST FINCHLEY,FINCHLEY CENTRAL,1.14,2.08
Northern ,Northbound,WEST FINCHLEY,WOODSIDE PARK,0.98,1.55
Jubilee ,Eastbound,WEST HAM,STRATFORD,1.54,3.15
Jubilee ,Westbound,WEST HAM,CANNING TOWN,1.58,2.13
H & C,Eastbound,WEST HAM,PLAISTOW,0.76,1.43
H & C,Westbound,WEST HAM,BROMLEY BY BOW,1.37,2.12
District,Westbound,WEST HAM,BROMLEY BY BOW,1.37,2.12
District,Eastbound,WEST HAM,PLAISTOW,0.76,1.43
Jubilee ,Eastbound,WEST HAMPSTEAD,FINCHLEY ROAD,0.61,1.25
Jubilee ,Westbound,WEST HAMPSTEAD,KILBURN,1.09,1.55
Metropolitan,Westbound,WEST HARROW,RAYNERS LANE,1.38,2.05
Metropolitan,Eastbound,WEST HARROW,HARROW-ON-THE-HILL,1.26,2.15
District,Westbound,WEST KENSINGTON,BARONS COURT,0.64,1.32
District,Eastbound,WEST KENSINGTON,EARLS COURT,0.9,2.17
Central ,Eastbound,WEST RUISLIP,RUISLIP GARDENS,2.04,2.28
H & C,Eastbound,WESTBOURNE PARK,ROYAL OAK,0.98,1.78
H & C,Westbound,WESTBOURNE PARK,LADBROKE GROVE,0.79,1.48
Jubilee ,Eastbound,WESTMINSTER,WATERLOO,0.96,1.38
Jubilee ,Westbound,WESTMINSTER,GREEN PARK,1.34,1.82
Circle ,Inner,WESTMINSTER,EMBANKMENT,0.69,1.37
Circle ,Outer,WESTMINSTER,ST JAMES PARK,0.76,1.52
District,Westbound,WESTMINSTER,ST JAMES PARK,0.76,1.52
District,Eastbound,WESTMINSTER,EMBANKMENT,0.69,1.37
Central ,Eastbound,WHITE CITY,SHEPHERDS BUSH,1.16,2.68
Central ,Westbound,WHITE CITY,EAST ACTON,2.06,2.67
H & C,Eastbound,WHITECHAPEL,STEPNEY GREEN,1,2.05
H & C,Westbound,WHITECHAPEL,ALDGATE EAST,0.82,2.18
District,Westbound,WHITECHAPEL,ALDGATE EAST,0.82,2.18
District,Eastbound,WHITECHAPEL,STEPNEY GREEN,1,2.05
East London ,Northbound,WHITECHAPEL,SHOREDITCH,0.72,1.85
East London ,Southbound,WHITECHAPEL,SHADWELL,0.98,1.82
Jubilee ,Eastbound,WILLESDEN GREEN,KILBURN,1.19,1.68
Jubilee ,Westbound,WILLESDEN GREEN,DOLLIS HILL,1.21,1.67
Bakerloo ,Southbound,WILLESDEN JUNCTION,KENSAL GREEN,1.5,2.47
Bakerloo ,Northbound,WILLESDEN JUNCTION,HARLESDEN,1.05,1.63
District,Eastbound,WIMBLEDON,WIMBLEDON PARK,1.5,2.82
District,Westbound,WIMBLEDON PARK,WIMBLEDON,1.5,3.5
District,Eastbound,WIMBLEDON PARK,SOUTHFIELDS,1.45,2.18
Piccadilly ,Eastbound,WOOD GREEN,BOUNDS GREEN,1.52,2.23
Piccadilly ,Westbound,WOOD GREEN,TURNPIKE LANE,0.98,1.52
Central ,Eastbound,WOODFORD,BUCKHURST HILL,2.31,2.28
Central ,Outer,WOODFORD,RODING VALLEY,1.33,2.18
Central ,Westbound,WOODFORD,SOUTH WOODFORD,1.8,1.95
Northern ,Southbound,WOODSIDE PARK,WEST FINCHLEY,0.98,1.7
Northern ,Northbound,WOODSIDE PARK,TOTTERIDGE & WHETSTONE,1.5,2.23
